{
  "drivers": {
    "VER": {
      "base_pace": 92.4836245297995,
      "fuel_penalty": 0.06613933204442525,
      "compound_deg": {
        "HARD": 0.12694944556352605,
        "SOFT": -0.0216365299069321
      },
      "compound_offset": {
        "HARD": 0.0,
        "SOFT": 0.5922016703453981
      }
    },
    "LEC": {
      "base_pace": 93.23802463461715,
      "fuel_penalty": 0.07361237246070251,
      "compound_deg": {
        "HARD": 0.1083399472115365,
        "SOFT": 0.09039147286823268
      },
      "compound_offset": {
        "HARD": 0.0,
        "SOFT": 0.1425158409166798
      }
    },
    "HAM": {
      "base_pace": 93.46769285773344,
      "fuel_penalty": 0.07249254334966704,
      "compound_deg": {
        "HARD": 0.09789485066782788,
        "SOFT": -0.016652804428172407
      },
      "compound_offset": {
        "HARD": 0.0,
        "SOFT": 0.7054480968307466
      }
    },
    "PER": {
      "base_pace": 92.39099610055672,
      "fuel_penalty": 0.08388932685583335,
      "compound_deg": {
        "HARD": 0.10282100387446869,
        "SOFT": 0.05104331146278129
      },
      "compound_offset": {
        "HARD": 0.0,
        "SOFT": 0.25367943228402723
      }
    }
  }
}