{
  "drivers": {
    "VER": {
      "base_pace": 92.4836245297995,
      "fuel_penalty": 0.06613933204442525,
      "compound_deg": {
        "HARD": 0.12694944556352605,
        "SOFT": -0.0216365299069321
      },
      "compound_offset": {
        "HARD": 0.0,
        "SOFT": 0.5922016703453981
      }
    },
    "HAM": {
      "base_pace": 93.46769285773344,
      "fuel_penalty": 0.07249254334966704,
      "compound_deg": {
        "HARD": 0.09789485066782788,
        "SOFT": -0.016652804428172407
      },
      "compound_offset": {
        "HARD": 0.0,
        "SOFT": 0.7054480968307466
      }
    }
  }
}